borough,sn,wards,location_text,page,source
1,1,1,Gobinda Mondal Lane,17,"KMC 'Action Plan to Mitigate Flood, Cyclone & Water Logging 2017', Section C Major Water Logging Pockets"
1,2,2,Sabji Bagan Bustee,17,"KMC 'Action Plan to Mitigate Flood, Cyclone & Water Logging 2017', Section C Major Water Logging Pockets"
1,3,2,Dum Dum Road,17,"KMC 'Action Plan to Mitigate Flood, Cyclone & Water Logging 2017', Section C Major Water Logging Pockets"
1,4,2,Kalicharan Ghosh Road,17,"KMC 'Action Plan to Mitigate Flood, Cyclone & Water Logging 2017', Section C Major Water Logging Pockets"
1,5,2,Foara Bagan More (D. Gupta Road),17,"KMC 'Action Plan to Mitigate Flood, Cyclone & Water Logging 2017', Section C Major Water Logging Pockets"
1,6,2,Rajabagan Bustee,17,"KMC 'Action Plan to Mitigate Flood, Cyclone & Water Logging 2017', Section C Major Water Logging Pockets"
1,7,2,South Sinthee Road,17,"KMC 'Action Plan to Mitigate Flood, Cyclone & Water Logging 2017', Section C Major Water Logging Pockets"
1,8,3,Belgachia Bustee,17,"KMC 'Action Plan to Mitigate Flood, Cyclone & Water Logging 2017', Section C Major Water Logging Pockets"
1,9,3,J. K. Ghosh Road,17,"KMC 'Action Plan to Mitigate Flood, Cyclone & Water Logging 2017', Section C Major Water Logging Pockets"
1,10,3,Birpara Lane,17,"KMC 'Action Plan to Mitigate Flood, Cyclone & Water Logging 2017', Section C Major Water Logging Pockets"
1,11,4,Raja Maninda Road,17,"KMC 'Action Plan to Mitigate Flood, Cyclone & Water Logging 2017', Section C Major Water Logging Pockets"
1,12,4,"Mitra Bagan Bustee (21, Dum Dum Road)",17,"KMC 'Action Plan to Mitigate Flood, Cyclone & Water Logging 2017', Section C Major Water Logging Pockets"
1,13,4,"Noongola Bustee (26, Dum Dum Road)",17,"KMC 'Action Plan to Mitigate Flood, Cyclone & Water Logging 2017', Section C Major Water Logging Pockets"
1,14,5,Khelat Babu Lane,17,"KMC 'Action Plan to Mitigate Flood, Cyclone & Water Logging 2017', Section C Major Water Logging Pockets"
1,15,5,Olai Chandi Mandir & Paresh Nath Temple,17,"KMC 'Action Plan to Mitigate Flood, Cyclone & Water Logging 2017', Section C Major Water Logging Pockets"
1,16,5,Anath Babu Lane,17,"KMC 'Action Plan to Mitigate Flood, Cyclone & Water Logging 2017', Section C Major Water Logging Pockets"
1,17,5,Indra Biswas Road,17,"KMC 'Action Plan to Mitigate Flood, Cyclone & Water Logging 2017', Section C Major Water Logging Pockets"
2,1,15,Crossing of N. B. Malliock Road and R. D. Street,17,"KMC 'Action Plan to Mitigate Flood, Cyclone & Water Logging 2017', Section C Major Water Logging Pockets"
2,2,16,Sahitya Parishad Street,17,"KMC 'Action Plan to Mitigate Flood, Cyclone & Water Logging 2017', Section C Major Water Logging Pockets"
2,3,17,Hari Ghosh Street,17,"KMC 'Action Plan to Mitigate Flood, Cyclone & Water Logging 2017', Section C Major Water Logging Pockets"
3,1,14,Satkari Mitra Lane,17,"KMC 'Action Plan to Mitigate Flood, Cyclone & Water Logging 2017', Section C Major Water Logging Pockets"
3,2,"29,30",Narkeldanga Main Road,17,"KMC 'Action Plan to Mitigate Flood, Cyclone & Water Logging 2017', Section C Major Water Logging Pockets"
3,3,30,Sir Guru Das Road,17,"KMC 'Action Plan to Mitigate Flood, Cyclone & Water Logging 2017', Section C Major Water Logging Pockets"
3,4,30,Dhan Debi Khanna Road,17,"KMC 'Action Plan to Mitigate Flood, Cyclone & Water Logging 2017', Section C Major Water Logging Pockets"
3,5,31,Jogouddyan Lane Crossing of S. K. Daw Lane,17,"KMC 'Action Plan to Mitigate Flood, Cyclone & Water Logging 2017', Section C Major Water Logging Pockets"
3,6,32,Bagmari Road (beside E.S.I. Hospital),17,"KMC 'Action Plan to Mitigate Flood, Cyclone & Water Logging 2017', Section C Major Water Logging Pockets"
3,7,"31,32",Manicktala (Underpass),17,"KMC 'Action Plan to Mitigate Flood, Cyclone & Water Logging 2017', Section C Major Water Logging Pockets"
3,8,34,Dr. Panchanan Mitra Lane,17,"KMC 'Action Plan to Mitigate Flood, Cyclone & Water Logging 2017', Section C Major Water Logging Pockets"
3,9,"34,35",Peary Mohan (Sur Garden Lane),17,"KMC 'Action Plan to Mitigate Flood, Cyclone & Water Logging 2017', Section C Major Water Logging Pockets"
3,10,35,Haromohon Ghosh Lane,17,"KMC 'Action Plan to Mitigate Flood, Cyclone & Water Logging 2017', Section C Major Water Logging Pockets"
3,11,35,Kabi Sukanta Sarani,18,"KMC 'Action Plan to Mitigate Flood, Cyclone & Water Logging 2017', Section C Major Water Logging Pockets"
4,1,25,Tarak Paramanick Road,18,"KMC 'Action Plan to Mitigate Flood, Cyclone & Water Logging 2017', Section C Major Water Logging Pockets"
4,2,25,Muktarambabu Street,18,"KMC 'Action Plan to Mitigate Flood, Cyclone & Water Logging 2017', Section C Major Water Logging Pockets"
4,3,27,Sukia Street,18,"KMC 'Action Plan to Mitigate Flood, Cyclone & Water Logging 2017', Section C Major Water Logging Pockets"
4,4,38,Keshab Sen Street,18,"KMC 'Action Plan to Mitigate Flood, Cyclone & Water Logging 2017', Section C Major Water Logging Pockets"
4,5,38,Amherst Street,18,"KMC 'Action Plan to Mitigate Flood, Cyclone & Water Logging 2017', Section C Major Water Logging Pockets"
4,6,38,Bechu Chatterjee Street,18,"KMC 'Action Plan to Mitigate Flood, Cyclone & Water Logging 2017', Section C Major Water Logging Pockets"
4,7,39,Vidya sagar street,18,"KMC 'Action Plan to Mitigate Flood, Cyclone & Water Logging 2017', Section C Major Water Logging Pockets"
4,8,39,Rabindra Sarani,18,"KMC 'Action Plan to Mitigate Flood, Cyclone & Water Logging 2017', Section C Major Water Logging Pockets"
5,1,40,Surya Sen Street,18,"KMC 'Action Plan to Mitigate Flood, Cyclone & Water Logging 2017', Section C Major Water Logging Pockets"
5,2,40,C. R. Avenue near Md. Ali Park,18,"KMC 'Action Plan to Mitigate Flood, Cyclone & Water Logging 2017', Section C Major Water Logging Pockets"
5,3,40,Patua Tola Ln.,18,"KMC 'Action Plan to Mitigate Flood, Cyclone & Water Logging 2017', Section C Major Water Logging Pockets"
5,4,40,Ramanath Majumdar St.,18,"KMC 'Action Plan to Mitigate Flood, Cyclone & Water Logging 2017', Section C Major Water Logging Pockets"
5,5,40,Raja Rammohan Sarani & Narasingha Ln.,18,"KMC 'Action Plan to Mitigate Flood, Cyclone & Water Logging 2017', Section C Major Water Logging Pockets"
5,6,40,College Row,18,"KMC 'Action Plan to Mitigate Flood, Cyclone & Water Logging 2017', Section C Major Water Logging Pockets"
5,7,"40,49",Bankim Chatterjee Street,18,"KMC 'Action Plan to Mitigate Flood, Cyclone & Water Logging 2017', Section C Major Water Logging Pockets"
5,8,41,Muktaram Babu St.,18,"KMC 'Action Plan to Mitigate Flood, Cyclone & Water Logging 2017', Section C Major Water Logging Pockets"
5,9,41,Madan Mohan Burman St.,18,"KMC 'Action Plan to Mitigate Flood, Cyclone & Water Logging 2017', Section C Major Water Logging Pockets"
5,10,41,C.R.Ave.(From Mukta Ram Babu St. to Madan Mohan Burman Street),18,"KMC 'Action Plan to Mitigate Flood, Cyclone & Water Logging 2017', Section C Major Water Logging Pockets"
5,11,42,Rabindra Sarani (from 155B to 145B Rabindra Sarani),18,"KMC 'Action Plan to Mitigate Flood, Cyclone & Water Logging 2017', Section C Major Water Logging Pockets"
5,12,42,Brabourne Road and Strand Rd crossing,18,"KMC 'Action Plan to Mitigate Flood, Cyclone & Water Logging 2017', Section C Major Water Logging Pockets"
5,13,43,C. R. Avenue (near M.G. Road) Eastern Flank,18,"KMC 'Action Plan to Mitigate Flood, Cyclone & Water Logging 2017', Section C Major Water Logging Pockets"
5,14,43,C.R.ave.(From Syed Sally Ln. Prabhat Cinema Hall to Tara Chand Dutta st.),18,"KMC 'Action Plan to Mitigate Flood, Cyclone & Water Logging 2017', Section C Major Water Logging Pockets"
5,15,44,Amherst Street,18,"KMC 'Action Plan to Mitigate Flood, Cyclone & Water Logging 2017', Section C Major Water Logging Pockets"
5,16,44,New CIT Road (from Srinath Babu Lane to Phears Lane) & Phears Ln. (from New CIT Road to Moulana Saukat ali St.),18,"KMC 'Action Plan to Mitigate Flood, Cyclone & Water Logging 2017', Section C Major Water Logging Pockets"
5,17,44,Sunyat Sen st. (from 22 Chata Wala Gully to Jn. Of R.Sarani) & Rabindra Sarani (from jn. Of Sunyat Sen St. to jn. Of B.B.Ganguly st. Eastern side),19,"KMC 'Action Plan to Mitigate Flood, Cyclone & Water Logging 2017', Section C Major Water Logging Pockets"
5,18,44,"C.R.Ave.(from 63, C.R.ave. to 77,C.R.ave) & sun Yat Sen St. (from 77 C.R.Ave. to Jn. Of Phears Lane)",19,"KMC 'Action Plan to Mitigate Flood, Cyclone & Water Logging 2017', Section C Major Water Logging Pockets"
5,19,44,Zakaria St. (from Nabab Badaruddin St. to C.R.Ave.),19,"KMC 'Action Plan to Mitigate Flood, Cyclone & Water Logging 2017', Section C Major Water Logging Pockets"
5,20,44,Madan Mohan Sen St. & Krishna Behari Sen St. (from M.G.Road to Anagarik Dharmapal St.),19,"KMC 'Action Plan to Mitigate Flood, Cyclone & Water Logging 2017', Section C Major Water Logging Pockets"
5,21,44,Nil Madhab Sen Ln. & Bhawani Dutta Ln. (from C.R.Ave. to College St.),19,"KMC 'Action Plan to Mitigate Flood, Cyclone & Water Logging 2017', Section C Major Water Logging Pockets"
5,22,45,B. B. D. Bag near Writers’ Building,19,"KMC 'Action Plan to Mitigate Flood, Cyclone & Water Logging 2017', Section C Major Water Logging Pockets"
5,23,45,Lalbazar St. (from Pr-20 to 18 Lalbazar St.),19,"KMC 'Action Plan to Mitigate Flood, Cyclone & Water Logging 2017', Section C Major Water Logging Pockets"
5,24,45,R.Sarani (from Pr-18 to 2 R.Sarani),19,"KMC 'Action Plan to Mitigate Flood, Cyclone & Water Logging 2017', Section C Major Water Logging Pockets"
5,25,45,"Radhabazar St. (from P-36 India Exchange Place to 18, Lal bazaar st.)",19,"KMC 'Action Plan to Mitigate Flood, Cyclone & Water Logging 2017', Section C Major Water Logging Pockets"
5,26,45,Lyons Range,19,"KMC 'Action Plan to Mitigate Flood, Cyclone & Water Logging 2017', Section C Major Water Logging Pockets"
5,27,45,Kiran Sankar Roy st. (from Pr. 8/2 to 2/1 Council House st.),19,"KMC 'Action Plan to Mitigate Flood, Cyclone & Water Logging 2017', Section C Major Water Logging Pockets"
5,28,48,B. B. Ganguly Street,19,"KMC 'Action Plan to Mitigate Flood, Cyclone & Water Logging 2017', Section C Major Water Logging Pockets"
5,29,49,Baithakkhana Road (from Pr.1 to 24 M.G.Road),19,"KMC 'Action Plan to Mitigate Flood, Cyclone & Water Logging 2017', Section C Major Water Logging Pockets"
5,30,49,Scott Ln. (Crossing of Raja Rammohan Sarani to B.K.Rd.),19,"KMC 'Action Plan to Mitigate Flood, Cyclone & Water Logging 2017', Section C Major Water Logging Pockets"
5,31,49,Akhil Mistri Ln. (from Pr-1 to 124),19,"KMC 'Action Plan to Mitigate Flood, Cyclone & Water Logging 2017', Section C Major Water Logging Pockets"
5,32,49,"Rajani Gupta Row (from 5, Akhil Mistri Ln. to 60, Akhil Mistri Ln.)",19,"KMC 'Action Plan to Mitigate Flood, Cyclone & Water Logging 2017', Section C Major Water Logging Pockets"
5,33,49,"Raj Chandra Sen Ln. (37 Scott. Ln. to 60, Akhil Mistry Ln.)",19,"KMC 'Action Plan to Mitigate Flood, Cyclone & Water Logging 2017', Section C Major Water Logging Pockets"
5,34,49,"Ram Hari Ghosh Ln. (15/A Raja Ram Mohan Sarani to 40, Rajani Gupta Row)",19,"KMC 'Action Plan to Mitigate Flood, Cyclone & Water Logging 2017', Section C Major Water Logging Pockets"
5,35,49,"Nil Moni Ganguli Ln. (from 4/2 Raja Ram Mohan Sarani to 9, Rajani Gupta Row)",19,"KMC 'Action Plan to Mitigate Flood, Cyclone & Water Logging 2017', Section C Major Water Logging Pockets"
6,1,46,Chandni Metro Station,19,"KMC 'Action Plan to Mitigate Flood, Cyclone & Water Logging 2017', Section C Major Water Logging Pockets"
6,2,46,Jn. Of Jawaharlal Nehru Rd. and S. N. Banerje Road (near Big Bazar),19,"KMC 'Action Plan to Mitigate Flood, Cyclone & Water Logging 2017', Section C Major Water Logging Pockets"
6,3,46,Profulla Sarkar Street (near A.B.P. & Pratidin),20,"KMC 'Action Plan to Mitigate Flood, Cyclone & Water Logging 2017', Section C Major Water Logging Pockets"
6,4,47,C.R. Avenue near Khadi Bhawan,20,"KMC 'Action Plan to Mitigate Flood, Cyclone & Water Logging 2017', Section C Major Water Logging Pockets"
6,5,47,G.C. Avenue (Transport Gali),20,"KMC 'Action Plan to Mitigate Flood, Cyclone & Water Logging 2017', Section C Major Water Logging Pockets"
6,6,52,Karim Boksh Lane,20,"KMC 'Action Plan to Mitigate Flood, Cyclone & Water Logging 2017', Section C Major Water Logging Pockets"
6,7,52,Collin Street (junction of Karim Boksh Lane),20,"KMC 'Action Plan to Mitigate Flood, Cyclone & Water Logging 2017', Section C Major Water Logging Pockets"
6,8,55,Ananda Palit Road,20,"KMC 'Action Plan to Mitigate Flood, Cyclone & Water Logging 2017', Section C Major Water Logging Pockets"
6,9,55,"46, Middle Road (Bye Lane)",20,"KMC 'Action Plan to Mitigate Flood, Cyclone & Water Logging 2017', Section C Major Water Logging Pockets"
6,10,55,Sambhu Babu Lane,20,"KMC 'Action Plan to Mitigate Flood, Cyclone & Water Logging 2017', Section C Major Water Logging Pockets"
6,11,55,Canal Street,20,"KMC 'Action Plan to Mitigate Flood, Cyclone & Water Logging 2017', Section C Major Water Logging Pockets"
6,12,55,"2A, 2B, 2C Chatu Babu Lane",20,"KMC 'Action Plan to Mitigate Flood, Cyclone & Water Logging 2017', Section C Major Water Logging Pockets"
6,13,"54,60",Tanti Bagan Lane,20,"KMC 'Action Plan to Mitigate Flood, Cyclone & Water Logging 2017', Section C Major Water Logging Pockets"
6,14,"54,60",Anjuman Road (near Bell Masjid ),20,"KMC 'Action Plan to Mitigate Flood, Cyclone & Water Logging 2017', Section C Major Water Logging Pockets"
6,15,61,Elliot Lane (portion),20,"KMC 'Action Plan to Mitigate Flood, Cyclone & Water Logging 2017', Section C Major Water Logging Pockets"
6,16,61,Ripon Lane (portion),20,"KMC 'Action Plan to Mitigate Flood, Cyclone & Water Logging 2017', Section C Major Water Logging Pockets"
6,17,62,1 to 10 Alimuddin Street.,20,"KMC 'Action Plan to Mitigate Flood, Cyclone & Water Logging 2017', Section C Major Water Logging Pockets"
7,1,58,Pulin Khatick Road,20,"KMC 'Action Plan to Mitigate Flood, Cyclone & Water Logging 2017', Section C Major Water Logging Pockets"
7,2,58,Seal Lane,20,"KMC 'Action Plan to Mitigate Flood, Cyclone & Water Logging 2017', Section C Major Water Logging Pockets"
7,3,58,"11, Tangra 2nd Lane",20,"KMC 'Action Plan to Mitigate Flood, Cyclone & Water Logging 2017', Section C Major Water Logging Pockets"
7,4,58,"Arupota, Durgapur, Ananta Badal Village",20,"KMC 'Action Plan to Mitigate Flood, Cyclone & Water Logging 2017', Section C Major Water Logging Pockets"
7,5,63,Camac Street( Portion),20,"KMC 'Action Plan to Mitigate Flood, Cyclone & Water Logging 2017', Section C Major Water Logging Pockets"
7,6,63,A. J. C. Bose Road near Mintu Park,20,"KMC 'Action Plan to Mitigate Flood, Cyclone & Water Logging 2017', Section C Major Water Logging Pockets"
7,7,65,Iron Side Road,20,"KMC 'Action Plan to Mitigate Flood, Cyclone & Water Logging 2017', Section C Major Water Logging Pockets"
7,8,65,"93, Tiljala Road",20,"KMC 'Action Plan to Mitigate Flood, Cyclone & Water Logging 2017', Section C Major Water Logging Pockets"
7,9,65,Tiljala Masjid Bari Lane,20,"KMC 'Action Plan to Mitigate Flood, Cyclone & Water Logging 2017', Section C Major Water Logging Pockets"
7,10,65,Ballygunge Park,20,"KMC 'Action Plan to Mitigate Flood, Cyclone & Water Logging 2017', Section C Major Water Logging Pockets"
7,11,66,Sridhar Roy Road,20,"KMC 'Action Plan to Mitigate Flood, Cyclone & Water Logging 2017', Section C Major Water Logging Pockets"
7,12,66,Chowbhaga Road (Portion),20,"KMC 'Action Plan to Mitigate Flood, Cyclone & Water Logging 2017', Section C Major Water Logging Pockets"
7,13,66,Raicharan Ghosh Lane,20,"KMC 'Action Plan to Mitigate Flood, Cyclone & Water Logging 2017', Section C Major Water Logging Pockets"
8,1,68,Ballugunge Station Road,20,"KMC 'Action Plan to Mitigate Flood, Cyclone & Water Logging 2017', Section C Major Water Logging Pockets"
8,2,69,Lower Rowdon Street,20,"KMC 'Action Plan to Mitigate Flood, Cyclone & Water Logging 2017', Section C Major Water Logging Pockets"
8,3,69,Padmapukur Road,20,"KMC 'Action Plan to Mitigate Flood, Cyclone & Water Logging 2017', Section C Major Water Logging Pockets"
8,4,70,Woodburn Road,21,"KMC 'Action Plan to Mitigate Flood, Cyclone & Water Logging 2017', Section C Major Water Logging Pockets"
8,5,70,Judtice Dwaraklanath Road,21,"KMC 'Action Plan to Mitigate Flood, Cyclone & Water Logging 2017', Section C Major Water Logging Pockets"
8,6,70,Justice Chandra Madhab Road,21,"KMC 'Action Plan to Mitigate Flood, Cyclone & Water Logging 2017', Section C Major Water Logging Pockets"
8,7,70,Heyshyam Road,21,"KMC 'Action Plan to Mitigate Flood, Cyclone & Water Logging 2017', Section C Major Water Logging Pockets"
8,8,72,Ramesh Mitra Road,21,"KMC 'Action Plan to Mitigate Flood, Cyclone & Water Logging 2017', Section C Major Water Logging Pockets"
8,9,72,Townsend Road,21,"KMC 'Action Plan to Mitigate Flood, Cyclone & Water Logging 2017', Section C Major Water Logging Pockets"
8,10,86,Dover Terrace,21,"KMC 'Action Plan to Mitigate Flood, Cyclone & Water Logging 2017', Section C Major Water Logging Pockets"
8,11,"87,90",Deshpriya Park,21,"KMC 'Action Plan to Mitigate Flood, Cyclone & Water Logging 2017', Section C Major Water Logging Pockets"
8,12,90,Panchanantala Lane,21,"KMC 'Action Plan to Mitigate Flood, Cyclone & Water Logging 2017', Section C Major Water Logging Pockets"
8,13,90,South End Park,21,"KMC 'Action Plan to Mitigate Flood, Cyclone & Water Logging 2017', Section C Major Water Logging Pockets"
8,14,90,Kankulia Road,21,"KMC 'Action Plan to Mitigate Flood, Cyclone & Water Logging 2017', Section C Major Water Logging Pockets"
9,1,74,Alipore Park Place,21,"KMC 'Action Plan to Mitigate Flood, Cyclone & Water Logging 2017', Section C Major Water Logging Pockets"
9,2,74,Body Guard Lane,21,"KMC 'Action Plan to Mitigate Flood, Cyclone & Water Logging 2017', Section C Major Water Logging Pockets"
9,3,76,Padmapukur,21,"KMC 'Action Plan to Mitigate Flood, Cyclone & Water Logging 2017', Section C Major Water Logging Pockets"
9,4,77,Dent Mission,21,"KMC 'Action Plan to Mitigate Flood, Cyclone & Water Logging 2017', Section C Major Water Logging Pockets"
9,5,78,Bhukailash Road,21,"KMC 'Action Plan to Mitigate Flood, Cyclone & Water Logging 2017', Section C Major Water Logging Pockets"
10,1,81,"New Alipore Bl. ‘J’, ‘G’, ‘D’",21,"KMC 'Action Plan to Mitigate Flood, Cyclone & Water Logging 2017', Section C Major Water Logging Pockets"
10,2,81,Sahapur Colony,21,"KMC 'Action Plan to Mitigate Flood, Cyclone & Water Logging 2017', Section C Major Water Logging Pockets"
10,3,81,"2B, Chetla Road",21,"KMC 'Action Plan to Mitigate Flood, Cyclone & Water Logging 2017', Section C Major Water Logging Pockets"
10,4,89,Sultan Alam Road (KMDA Housing Project Area),21,"KMC 'Action Plan to Mitigate Flood, Cyclone & Water Logging 2017', Section C Major Water Logging Pockets"
10,5,91,B.B. Chatterjee Road,21,"KMC 'Action Plan to Mitigate Flood, Cyclone & Water Logging 2017', Section C Major Water Logging Pockets"
10,6,91,N. K. Ghosal Road,21,"KMC 'Action Plan to Mitigate Flood, Cyclone & Water Logging 2017', Section C Major Water Logging Pockets"
10,7,91,Kumar Para Lane,21,"KMC 'Action Plan to Mitigate Flood, Cyclone & Water Logging 2017', Section C Major Water Logging Pockets"
10,8,91,Kalu Para Lane,21,"KMC 'Action Plan to Mitigate Flood, Cyclone & Water Logging 2017', Section C Major Water Logging Pockets"
10,9,91,Bosepukur,21,"KMC 'Action Plan to Mitigate Flood, Cyclone & Water Logging 2017', Section C Major Water Logging Pockets"
10,10,91,Jahura Bazar Lane,21,"KMC 'Action Plan to Mitigate Flood, Cyclone & Water Logging 2017', Section C Major Water Logging Pockets"
10,11,91,N.C. Chowdhury Road,21,"KMC 'Action Plan to Mitigate Flood, Cyclone & Water Logging 2017', Section C Major Water Logging Pockets"
10,12,91,Kamala Park,21,"KMC 'Action Plan to Mitigate Flood, Cyclone & Water Logging 2017', Section C Major Water Logging Pockets"
10,13,92,Selimpore(Baudir Dokan),21,"KMC 'Action Plan to Mitigate Flood, Cyclone & Water Logging 2017', Section C Major Water Logging Pockets"
10,14,92,Tanupukur Rd.,21,"KMC 'Action Plan to Mitigate Flood, Cyclone & Water Logging 2017', Section C Major Water Logging Pockets"
10,15,92,Dhakuria Station Road near A.T. Chatterjee Market,21,"KMC 'Action Plan to Mitigate Flood, Cyclone & Water Logging 2017', Section C Major Water Logging Pockets"
10,16,92,Sahid Nagar near Bypass Connector,21,"KMC 'Action Plan to Mitigate Flood, Cyclone & Water Logging 2017', Section C Major Water Logging Pockets"
10,17,92,Najir Bagan More,22,"KMC 'Action Plan to Mitigate Flood, Cyclone & Water Logging 2017', Section C Major Water Logging Pockets"
10,18,93,"Lake Gardens (Punjabi Garriage, Gobindapur Rd.)",22,"KMC 'Action Plan to Mitigate Flood, Cyclone & Water Logging 2017', Section C Major Water Logging Pockets"
10,19,93,"Jodhpur park (Infront of E.D.F. Hospital, Children Park area)",22,"KMC 'Action Plan to Mitigate Flood, Cyclone & Water Logging 2017', Section C Major Water Logging Pockets"
10,20,94,1 No. R.P. Colony,22,"KMC 'Action Plan to Mitigate Flood, Cyclone & Water Logging 2017', Section C Major Water Logging Pockets"
10,21,94,P.G.M Saha Road,22,"KMC 'Action Plan to Mitigate Flood, Cyclone & Water Logging 2017', Section C Major Water Logging Pockets"
10,22,94,Uday Sankar Sarani,22,"KMC 'Action Plan to Mitigate Flood, Cyclone & Water Logging 2017', Section C Major Water Logging Pockets"
10,23,95,P.G.H. Shah Road,22,"KMC 'Action Plan to Mitigate Flood, Cyclone & Water Logging 2017', Section C Major Water Logging Pockets"
10,24,95,Bikramgarh,22,"KMC 'Action Plan to Mitigate Flood, Cyclone & Water Logging 2017', Section C Major Water Logging Pockets"
10,25,95,New Bikramgarh,22,"KMC 'Action Plan to Mitigate Flood, Cyclone & Water Logging 2017', Section C Major Water Logging Pockets"
10,26,96,Ibrahimpur Road,22,"KMC 'Action Plan to Mitigate Flood, Cyclone & Water Logging 2017', Section C Major Water Logging Pockets"
10,27,96,Bijoygarh Jadavpur East Road,22,"KMC 'Action Plan to Mitigate Flood, Cyclone & Water Logging 2017', Section C Major Water Logging Pockets"
10,28,98,"4,5 Netaji Nagar",22,"KMC 'Action Plan to Mitigate Flood, Cyclone & Water Logging 2017', Section C Major Water Logging Pockets"
10,29,99,"3, Vidyasagar Colony (Nr. Lowland Kalibari)",22,"KMC 'Action Plan to Mitigate Flood, Cyclone & Water Logging 2017', Section C Major Water Logging Pockets"
10,30,99,"Near Pre. No. 65/1D, 65/1F, Jorabagan Road",22,"KMC 'Action Plan to Mitigate Flood, Cyclone & Water Logging 2017', Section C Major Water Logging Pockets"
10,31,99,Near 62/8/1A Jorabagan Road (opp. /infront of Tarun Sangha Club),22,"KMC 'Action Plan to Mitigate Flood, Cyclone & Water Logging 2017', Section C Major Water Logging Pockets"
10,32,100,Naktala 2nd Scheme,22,"KMC 'Action Plan to Mitigate Flood, Cyclone & Water Logging 2017', Section C Major Water Logging Pockets"
11,1,103,Modern park,22,"KMC 'Action Plan to Mitigate Flood, Cyclone & Water Logging 2017', Section C Major Water Logging Pockets"
11,2,103,B.M. Mondal Road,22,"KMC 'Action Plan to Mitigate Flood, Cyclone & Water Logging 2017', Section C Major Water Logging Pockets"
11,3,104,Bank Plot,22,"KMC 'Action Plan to Mitigate Flood, Cyclone & Water Logging 2017', Section C Major Water Logging Pockets"
11,4,104,Jhil Road,22,"KMC 'Action Plan to Mitigate Flood, Cyclone & Water Logging 2017', Section C Major Water Logging Pockets"
11,5,110,Southend Garden,22,"KMC 'Action Plan to Mitigate Flood, Cyclone & Water Logging 2017', Section C Major Water Logging Pockets"
11,6,110,Briji West (Kadam Tala ) A.T. Naskar School,22,"KMC 'Action Plan to Mitigate Flood, Cyclone & Water Logging 2017', Section C Major Water Logging Pockets"
11,7,111,Sardar Para,22,"KMC 'Action Plan to Mitigate Flood, Cyclone & Water Logging 2017', Section C Major Water Logging Pockets"
11,8,111,Junction of Charu Nagar and Pragati Park,22,"KMC 'Action Plan to Mitigate Flood, Cyclone & Water Logging 2017', Section C Major Water Logging Pockets"
11,9,111,"Rabindrapalli (D, E & F block)",22,"KMC 'Action Plan to Mitigate Flood, Cyclone & Water Logging 2017', Section C Major Water Logging Pockets"
11,10,111,Ramkrishna Pally,22,"KMC 'Action Plan to Mitigate Flood, Cyclone & Water Logging 2017', Section C Major Water Logging Pockets"
11,11,111,Malli Para,22,"KMC 'Action Plan to Mitigate Flood, Cyclone & Water Logging 2017', Section C Major Water Logging Pockets"
11,12,112,Subhas Sarani,22,"KMC 'Action Plan to Mitigate Flood, Cyclone & Water Logging 2017', Section C Major Water Logging Pockets"
11,13,112,Bandeali Palli,22,"KMC 'Action Plan to Mitigate Flood, Cyclone & Water Logging 2017', Section C Major Water Logging Pockets"
11,14,112,Natun Bazar,22,"KMC 'Action Plan to Mitigate Flood, Cyclone & Water Logging 2017', Section C Major Water Logging Pockets"
11,15,112,Pora Khola,22,"KMC 'Action Plan to Mitigate Flood, Cyclone & Water Logging 2017', Section C Major Water Logging Pockets"
11,16,112,"Naskarpara, Seikhpara",22,"KMC 'Action Plan to Mitigate Flood, Cyclone & Water Logging 2017', Section C Major Water Logging Pockets"
11,17,113,Bansdroni Govt. Colony,22,"KMC 'Action Plan to Mitigate Flood, Cyclone & Water Logging 2017', Section C Major Water Logging Pockets"
11,18,113,H.L. Sarkar Road,23,"KMC 'Action Plan to Mitigate Flood, Cyclone & Water Logging 2017', Section C Major Water Logging Pockets"
11,19,113,Vivekanada Park,23,"KMC 'Action Plan to Mitigate Flood, Cyclone & Water Logging 2017', Section C Major Water Logging Pockets"
11,20,114,Bagan Para,23,"KMC 'Action Plan to Mitigate Flood, Cyclone & Water Logging 2017', Section C Major Water Logging Pockets"
12,1,101,"B. P. Township (HB Block, CUG)",23,"KMC 'Action Plan to Mitigate Flood, Cyclone & Water Logging 2017', Section C Major Water Logging Pockets"
12,2,101,Rabindrapalli (C Block),23,"KMC 'Action Plan to Mitigate Flood, Cyclone & Water Logging 2017', Section C Major Water Logging Pockets"
12,3,105,8 No. Sahid Nagar,23,"KMC 'Action Plan to Mitigate Flood, Cyclone & Water Logging 2017', Section C Major Water Logging Pockets"
12,4,105,"1,2 Sucheta nagar",23,"KMC 'Action Plan to Mitigate Flood, Cyclone & Water Logging 2017', Section C Major Water Logging Pockets"
12,5,105,"3, Jadav Garh",23,"KMC 'Action Plan to Mitigate Flood, Cyclone & Water Logging 2017', Section C Major Water Logging Pockets"
12,6,105,Studio Lane,23,"KMC 'Action Plan to Mitigate Flood, Cyclone & Water Logging 2017', Section C Major Water Logging Pockets"
12,7,105,Ghoshpara,23,"KMC 'Action Plan to Mitigate Flood, Cyclone & Water Logging 2017', Section C Major Water Logging Pockets"
12,8,105,Kabardanga,23,"KMC 'Action Plan to Mitigate Flood, Cyclone & Water Logging 2017', Section C Major Water Logging Pockets"
12,9,106,Sarat Park,23,"KMC 'Action Plan to Mitigate Flood, Cyclone & Water Logging 2017', Section C Major Water Logging Pockets"
12,10,106,Sreehari Palli,23,"KMC 'Action Plan to Mitigate Flood, Cyclone & Water Logging 2017', Section C Major Water Logging Pockets"
12,11,106,Eastern Park,23,"KMC 'Action Plan to Mitigate Flood, Cyclone & Water Logging 2017', Section C Major Water Logging Pockets"
12,12,108,Hossenpur 2nd Lane & 4th Lane,23,"KMC 'Action Plan to Mitigate Flood, Cyclone & Water Logging 2017', Section C Major Water Logging Pockets"
12,13,108,"Martinpara, Gulsan Colony",23,"KMC 'Action Plan to Mitigate Flood, Cyclone & Water Logging 2017', Section C Major Water Logging Pockets"
12,14,109,Sreenagar Main Road,23,"KMC 'Action Plan to Mitigate Flood, Cyclone & Water Logging 2017', Section C Major Water Logging Pockets"
12,15,109,Purbalok,23,"KMC 'Action Plan to Mitigate Flood, Cyclone & Water Logging 2017', Section C Major Water Logging Pockets"
12,16,109,Buderhut,23,"KMC 'Action Plan to Mitigate Flood, Cyclone & Water Logging 2017', Section C Major Water Logging Pockets"
12,17,109,Ganga Nagar,23,"KMC 'Action Plan to Mitigate Flood, Cyclone & Water Logging 2017', Section C Major Water Logging Pockets"
12,18,109,Jumana Nagar,23,"KMC 'Action Plan to Mitigate Flood, Cyclone & Water Logging 2017', Section C Major Water Logging Pockets"
12,19,109,Rajapur D Block,23,"KMC 'Action Plan to Mitigate Flood, Cyclone & Water Logging 2017', Section C Major Water Logging Pockets"
12,20,109,Nayabad Main Road,23,"KMC 'Action Plan to Mitigate Flood, Cyclone & Water Logging 2017', Section C Major Water Logging Pockets"
12,21,109,Sammilani Park,23,"KMC 'Action Plan to Mitigate Flood, Cyclone & Water Logging 2017', Section C Major Water Logging Pockets"
12,22,109,Sahid Smrity,23,"KMC 'Action Plan to Mitigate Flood, Cyclone & Water Logging 2017', Section C Major Water Logging Pockets"
12,23,109,6A Mukundapur,23,"KMC 'Action Plan to Mitigate Flood, Cyclone & Water Logging 2017', Section C Major Water Logging Pockets"
13,1,115,Hafiz Md. Ishique Road near Masjid,23,"KMC 'Action Plan to Mitigate Flood, Cyclone & Water Logging 2017', Section C Major Water Logging Pockets"
13,2,115,Taramoni Ghat Road (part),23,"KMC 'Action Plan to Mitigate Flood, Cyclone & Water Logging 2017', Section C Major Water Logging Pockets"
13,3,116,P.N. Mitra Lane (Dhopar Math),23,"KMC 'Action Plan to Mitigate Flood, Cyclone & Water Logging 2017', Section C Major Water Logging Pockets"
13,4,117,Gobarjhuri Bustee (part),24,"KMC 'Action Plan to Mitigate Flood, Cyclone & Water Logging 2017', Section C Major Water Logging Pockets"
13,5,117,Indirapally Bustee (part),24,"KMC 'Action Plan to Mitigate Flood, Cyclone & Water Logging 2017', Section C Major Water Logging Pockets"
13,6,118,S.N. Roy Road (Banstolla Bustee),24,"KMC 'Action Plan to Mitigate Flood, Cyclone & Water Logging 2017', Section C Major Water Logging Pockets"
13,7,119,Mondalpara Bustee,24,"KMC 'Action Plan to Mitigate Flood, Cyclone & Water Logging 2017', Section C Major Water Logging Pockets"
13,8,119,Silthakur Bari Road (part),24,"KMC 'Action Plan to Mitigate Flood, Cyclone & Water Logging 2017', Section C Major Water Logging Pockets"
13,9,120,Co-Cala Bagan Road,24,"KMC 'Action Plan to Mitigate Flood, Cyclone & Water Logging 2017', Section C Major Water Logging Pockets"
13,10,122,East Park,24,"KMC 'Action Plan to Mitigate Flood, Cyclone & Water Logging 2017', Section C Major Water Logging Pockets"
13,11,122,Rabindra Abashan,24,"KMC 'Action Plan to Mitigate Flood, Cyclone & Water Logging 2017', Section C Major Water Logging Pockets"
13,12,122,Surya Sen Pally,24,"KMC 'Action Plan to Mitigate Flood, Cyclone & Water Logging 2017', Section C Major Water Logging Pockets"
13,13,122,Doctor Bagan,24,"KMC 'Action Plan to Mitigate Flood, Cyclone & Water Logging 2017', Section C Major Water Logging Pockets"
13,14,122,Ram Krishna Nagar,24,"KMC 'Action Plan to Mitigate Flood, Cyclone & Water Logging 2017', Section C Major Water Logging Pockets"
13,15,122,Sukanta Pally,24,"KMC 'Action Plan to Mitigate Flood, Cyclone & Water Logging 2017', Section C Major Water Logging Pockets"
13,16,122,Arabindo Pally,24,"KMC 'Action Plan to Mitigate Flood, Cyclone & Water Logging 2017', Section C Major Water Logging Pockets"
13,17,122,Mission Dhalli Para,24,"KMC 'Action Plan to Mitigate Flood, Cyclone & Water Logging 2017', Section C Major Water Logging Pockets"
13,18,122,K.K. Road (near Masjid),24,"KMC 'Action Plan to Mitigate Flood, Cyclone & Water Logging 2017', Section C Major Water Logging Pockets"
13,19,122,Ishan Ghosh Road (near Basusree Bagan & Debnath Para),24,"KMC 'Action Plan to Mitigate Flood, Cyclone & Water Logging 2017', Section C Major Water Logging Pockets"
14,1,121,Ambedkar Park,24,"KMC 'Action Plan to Mitigate Flood, Cyclone & Water Logging 2017', Section C Major Water Logging Pockets"
14,2,121,"Bhasapara, Ananda Pally, Sima Pally, Nabapally",24,"KMC 'Action Plan to Mitigate Flood, Cyclone & Water Logging 2017', Section C Major Water Logging Pockets"
14,3,121,Mondalpara(portion),24,"KMC 'Action Plan to Mitigate Flood, Cyclone & Water Logging 2017', Section C Major Water Logging Pockets"
14,4,127,Bombai Bagan(Roy Dighi),24,"KMC 'Action Plan to Mitigate Flood, Cyclone & Water Logging 2017', Section C Major Water Logging Pockets"
14,5,127,Joyasree Park,24,"KMC 'Action Plan to Mitigate Flood, Cyclone & Water Logging 2017', Section C Major Water Logging Pockets"
14,6,127,Upanaragi,24,"KMC 'Action Plan to Mitigate Flood, Cyclone & Water Logging 2017', Section C Major Water Logging Pockets"
14,7,128,Basudevpur Majidpara,24,"KMC 'Action Plan to Mitigate Flood, Cyclone & Water Logging 2017', Section C Major Water Logging Pockets"
14,8,128,L.N.Motilal Road(Malir Math),24,"KMC 'Action Plan to Mitigate Flood, Cyclone & Water Logging 2017', Section C Major Water Logging Pockets"
14,9,128,Santra Para,24,"KMC 'Action Plan to Mitigate Flood, Cyclone & Water Logging 2017', Section C Major Water Logging Pockets"
14,10,128,Beni Master Lane,24,"KMC 'Action Plan to Mitigate Flood, Cyclone & Water Logging 2017', Section C Major Water Logging Pockets"
14,11,128,Shyam Sunder Pally(1st & 2nd bye lane ),24,"KMC 'Action Plan to Mitigate Flood, Cyclone & Water Logging 2017', Section C Major Water Logging Pockets"
14,12,129,"Mahendra Banerjee Rd. (Adjoining Begor Khal), (Khetra Moni School), (Jagarani),Sreema Pally",24,"KMC 'Action Plan to Mitigate Flood, Cyclone & Water Logging 2017', Section C Major Water Logging Pockets"
14,13,129,Jayrampur jala Road( Kundu Auto Surrounding),24,"KMC 'Action Plan to Mitigate Flood, Cyclone & Water Logging 2017', Section C Major Water Logging Pockets"
14,14,129,Sen Pally,24,"KMC 'Action Plan to Mitigate Flood, Cyclone & Water Logging 2017', Section C Major Water Logging Pockets"
14,15,129,"2No,3No,4No, Rabindra Nagar ( Portion)",24,"KMC 'Action Plan to Mitigate Flood, Cyclone & Water Logging 2017', Section C Major Water Logging Pockets"
14,16,129,Goala Para Road,24,"KMC 'Action Plan to Mitigate Flood, Cyclone & Water Logging 2017', Section C Major Water Logging Pockets"
14,17,129,B. G. Press Colony,24,"KMC 'Action Plan to Mitigate Flood, Cyclone & Water Logging 2017', Section C Major Water Logging Pockets"
14,18,129,Nabapally Area,25,"KMC 'Action Plan to Mitigate Flood, Cyclone & Water Logging 2017', Section C Major Water Logging Pockets"
14,19,129,Petlipara,25,"KMC 'Action Plan to Mitigate Flood, Cyclone & Water Logging 2017', Section C Major Water Logging Pockets"
14,20,129,Parui Das Para,25,"KMC 'Action Plan to Mitigate Flood, Cyclone & Water Logging 2017', Section C Major Water Logging Pockets"
14,21,129,Adarsa Nagar,25,"KMC 'Action Plan to Mitigate Flood, Cyclone & Water Logging 2017', Section C Major Water Logging Pockets"
14,22,130,Bakshi Bagan,25,"KMC 'Action Plan to Mitigate Flood, Cyclone & Water Logging 2017', Section C Major Water Logging Pockets"
14,23,130,Becharam Chatterjee Road( Sitala Mandir),25,"KMC 'Action Plan to Mitigate Flood, Cyclone & Water Logging 2017', Section C Major Water Logging Pockets"
14,24,130,Ramkrishna Sarani( Vivekananda Pally),25,"KMC 'Action Plan to Mitigate Flood, Cyclone & Water Logging 2017', Section C Major Water Logging Pockets"
14,25,130,Brahma Samaj Road( Mallick Colony),25,"KMC 'Action Plan to Mitigate Flood, Cyclone & Water Logging 2017', Section C Major Water Logging Pockets"
14,26,130,Dwarik Mukherjee Road(Jelepara),25,"KMC 'Action Plan to Mitigate Flood, Cyclone & Water Logging 2017', Section C Major Water Logging Pockets"
14,27,130,Netaji Subhas Road,25,"KMC 'Action Plan to Mitigate Flood, Cyclone & Water Logging 2017', Section C Major Water Logging Pockets"
14,28,131,Dwijen Mukherjee Road,25,"KMC 'Action Plan to Mitigate Flood, Cyclone & Water Logging 2017', Section C Major Water Logging Pockets"
14,29,131,Subhas Marg (Masala Bari),25,"KMC 'Action Plan to Mitigate Flood, Cyclone & Water Logging 2017', Section C Major Water Logging Pockets"
14,30,131,Santi Pally,25,"KMC 'Action Plan to Mitigate Flood, Cyclone & Water Logging 2017', Section C Major Water Logging Pockets"
14,31,131,"M.I.D, Road (Pallysree Pally)",25,"KMC 'Action Plan to Mitigate Flood, Cyclone & Water Logging 2017', Section C Major Water Logging Pockets"
14,32,131,Swamiji Sarak,25,"KMC 'Action Plan to Mitigate Flood, Cyclone & Water Logging 2017', Section C Major Water Logging Pockets"
14,33,131,Padmasree Pally,25,"KMC 'Action Plan to Mitigate Flood, Cyclone & Water Logging 2017', Section C Major Water Logging Pockets"
14,34,132,Avoy vidya Lankar Road ( Near Sitala Mandir),25,"KMC 'Action Plan to Mitigate Flood, Cyclone & Water Logging 2017', Section C Major Water Logging Pockets"
14,35,132,Upen Banerjee Road (Near Govt. Qtr.),25,"KMC 'Action Plan to Mitigate Flood, Cyclone & Water Logging 2017', Section C Major Water Logging Pockets"
14,36,132,Bishalakshmitala Road( 51 no Bustee),25,"KMC 'Action Plan to Mitigate Flood, Cyclone & Water Logging 2017', Section C Major Water Logging Pockets"
15,1,133,Village Road,25,"KMC 'Action Plan to Mitigate Flood, Cyclone & Water Logging 2017', Section C Major Water Logging Pockets"
15,2,136,Dewan Bagan,25,"KMC 'Action Plan to Mitigate Flood, Cyclone & Water Logging 2017', Section C Major Water Logging Pockets"
15,3,136,Manasa Row,25,"KMC 'Action Plan to Mitigate Flood, Cyclone & Water Logging 2017', Section C Major Water Logging Pockets"
15,4,136,Mali Bagan,25,"KMC 'Action Plan to Mitigate Flood, Cyclone & Water Logging 2017', Section C Major Water Logging Pockets"
15,5,136,Fathepur 1st Bye Lane,25,"KMC 'Action Plan to Mitigate Flood, Cyclone & Water Logging 2017', Section C Major Water Logging Pockets"
15,6,136,Kapi Bagan,25,"KMC 'Action Plan to Mitigate Flood, Cyclone & Water Logging 2017', Section C Major Water Logging Pockets"
15,7,138,Admajola,25,"KMC 'Action Plan to Mitigate Flood, Cyclone & Water Logging 2017', Section C Major Water Logging Pockets"
15,8,138,Dakait Bagan,25,"KMC 'Action Plan to Mitigate Flood, Cyclone & Water Logging 2017', Section C Major Water Logging Pockets"
15,9,"138,141",Chatkal Bustee,25,"KMC 'Action Plan to Mitigate Flood, Cyclone & Water Logging 2017', Section C Major Water Logging Pockets"
15,10,139,Karbala Road,25,"KMC 'Action Plan to Mitigate Flood, Cyclone & Water Logging 2017', Section C Major Water Logging Pockets"
15,11,139,Behala Colony and P.O. Lane,25,"KMC 'Action Plan to Mitigate Flood, Cyclone & Water Logging 2017', Section C Major Water Logging Pockets"
15,12,140,Satghara Road,25,"KMC 'Action Plan to Mitigate Flood, Cyclone & Water Logging 2017', Section C Major Water Logging Pockets"
15,13,141,Badartala Bus Stand,25,"KMC 'Action Plan to Mitigate Flood, Cyclone & Water Logging 2017', Section C Major Water Logging Pockets"
15,14,141,Kanchan Tala,25,"KMC 'Action Plan to Mitigate Flood, Cyclone & Water Logging 2017', Section C Major Water Logging Pockets"
15,15,141,"Waris Nagar, Ayub Nagar",25,"KMC 'Action Plan to Mitigate Flood, Cyclone & Water Logging 2017', Section C Major Water Logging Pockets"
16,1,123,Prasanta Roy Road,26,"KMC 'Action Plan to Mitigate Flood, Cyclone & Water Logging 2017', Section C Major Water Logging Pockets"
16,2,123,Kailash Ghosh Road near Dharapara,26,"KMC 'Action Plan to Mitigate Flood, Cyclone & Water Logging 2017', Section C Major Water Logging Pockets"
16,3,123,Kailash Ghosh Road near S.T.P.,26,"KMC 'Action Plan to Mitigate Flood, Cyclone & Water Logging 2017', Section C Major Water Logging Pockets"
16,4,123,Ishan Ghosh Road,26,"KMC 'Action Plan to Mitigate Flood, Cyclone & Water Logging 2017', Section C Major Water Logging Pockets"
16,5,123,Bata Colony,26,"KMC 'Action Plan to Mitigate Flood, Cyclone & Water Logging 2017', Section C Major Water Logging Pockets"
16,6,123,Santal Para,26,"KMC 'Action Plan to Mitigate Flood, Cyclone & Water Logging 2017', Section C Major Water Logging Pockets"
16,7,123,Near Janakalyan,26,"KMC 'Action Plan to Mitigate Flood, Cyclone & Water Logging 2017', Section C Major Water Logging Pockets"
16,8,123,Near Silpara crossing of James Long Sarani,26,"KMC 'Action Plan to Mitigate Flood, Cyclone & Water Logging 2017', Section C Major Water Logging Pockets"
16,9,123,Santosh Roy Road and James Long crossing towards Motilal Gupta Road,26,"KMC 'Action Plan to Mitigate Flood, Cyclone & Water Logging 2017', Section C Major Water Logging Pockets"
16,10,124,Sahid purnendu nagar,26,"KMC 'Action Plan to Mitigate Flood, Cyclone & Water Logging 2017', Section C Major Water Logging Pockets"
16,11,124,Mukunda Das Pally,26,"KMC 'Action Plan to Mitigate Flood, Cyclone & Water Logging 2017', Section C Major Water Logging Pockets"
16,12,124,Das Para Milani Sangha,26,"KMC 'Action Plan to Mitigate Flood, Cyclone & Water Logging 2017', Section C Major Water Logging Pockets"
16,13,124,Netaji Pally,26,"KMC 'Action Plan to Mitigate Flood, Cyclone & Water Logging 2017', Section C Major Water Logging Pockets"
16,14,124,Vidya Sagar Sarani,26,"KMC 'Action Plan to Mitigate Flood, Cyclone & Water Logging 2017', Section C Major Water Logging Pockets"
16,15,124,64 Pally,26,"KMC 'Action Plan to Mitigate Flood, Cyclone & Water Logging 2017', Section C Major Water Logging Pockets"
16,16,124,Pragati Pally,26,"KMC 'Action Plan to Mitigate Flood, Cyclone & Water Logging 2017', Section C Major Water Logging Pockets"
16,17,124,52 Pally,26,"KMC 'Action Plan to Mitigate Flood, Cyclone & Water Logging 2017', Section C Major Water Logging Pockets"
16,18,125,Bhattacharjee Para near Venus Club,26,"KMC 'Action Plan to Mitigate Flood, Cyclone & Water Logging 2017', Section C Major Water Logging Pockets"
16,19,125,Kadamtala near CESC Transformer,26,"KMC 'Action Plan to Mitigate Flood, Cyclone & Water Logging 2017', Section C Major Water Logging Pockets"
16,20,125,Paner Ara,26,"KMC 'Action Plan to Mitigate Flood, Cyclone & Water Logging 2017', Section C Major Water Logging Pockets"
16,21,125,Dakshin Para Jubak Gosthi,26,"KMC 'Action Plan to Mitigate Flood, Cyclone & Water Logging 2017', Section C Major Water Logging Pockets"
16,22,125,Rajani Banerjee Road,26,"KMC 'Action Plan to Mitigate Flood, Cyclone & Water Logging 2017', Section C Major Water Logging Pockets"
16,23,125,Bakhra Hat Road,26,"KMC 'Action Plan to Mitigate Flood, Cyclone & Water Logging 2017', Section C Major Water Logging Pockets"
16,24,125,Marapota near Aurobinda Nagar,26,"KMC 'Action Plan to Mitigate Flood, Cyclone & Water Logging 2017', Section C Major Water Logging Pockets"
16,25,125,"2, Bachhar Para",26,"KMC 'Action Plan to Mitigate Flood, Cyclone & Water Logging 2017', Section C Major Water Logging Pockets"
16,26,125,Kenaram Ganguly Road,26,"KMC 'Action Plan to Mitigate Flood, Cyclone & Water Logging 2017', Section C Major Water Logging Pockets"
16,27,125,Baba Thakurtala,26,"KMC 'Action Plan to Mitigate Flood, Cyclone & Water Logging 2017', Section C Major Water Logging Pockets"
16,28,125,Joykulla Molla Road,26,"KMC 'Action Plan to Mitigate Flood, Cyclone & Water Logging 2017', Section C Major Water Logging Pockets"
16,29,125,Ananda Nagar,26,"KMC 'Action Plan to Mitigate Flood, Cyclone & Water Logging 2017', Section C Major Water Logging Pockets"
16,30,125,Panch Maszid Road,26,"KMC 'Action Plan to Mitigate Flood, Cyclone & Water Logging 2017', Section C Major Water Logging Pockets"
16,31,125,Pally Mongal Colony,26,"KMC 'Action Plan to Mitigate Flood, Cyclone & Water Logging 2017', Section C Major Water Logging Pockets"
16,32,125,Padma Pukur near Sukanta Park,26,"KMC 'Action Plan to Mitigate Flood, Cyclone & Water Logging 2017', Section C Major Water Logging Pockets"
16,33,125,Amritalal Mukherjee Road( Jora Mandir),26,"KMC 'Action Plan to Mitigate Flood, Cyclone & Water Logging 2017', Section C Major Water Logging Pockets"
16,34,125,S.B. Banerjee Road(L.I.C. Bazar),26,"KMC 'Action Plan to Mitigate Flood, Cyclone & Water Logging 2017', Section C Major Water Logging Pockets"
16,35,125,"1, Bachar Para",26,"KMC 'Action Plan to Mitigate Flood, Cyclone & Water Logging 2017', Section C Major Water Logging Pockets"
16,36,125,D.H.road opposite State Garage,26,"KMC 'Action Plan to Mitigate Flood, Cyclone & Water Logging 2017', Section C Major Water Logging Pockets"
16,37,126,Kalicharan Dutta Road,26,"KMC 'Action Plan to Mitigate Flood, Cyclone & Water Logging 2017', Section C Major Water Logging Pockets"
16,38,126,Ho Chi Min Sarani near Anjuman School,26,"KMC 'Action Plan to Mitigate Flood, Cyclone & Water Logging 2017', Section C Major Water Logging Pockets"
16,39,126,Barisha Library near Dwadas Mandir School,27,"KMC 'Action Plan to Mitigate Flood, Cyclone & Water Logging 2017', Section C Major Water Logging Pockets"
16,40,126,Parish Para near Doglas Ground,27,"KMC 'Action Plan to Mitigate Flood, Cyclone & Water Logging 2017', Section C Major Water Logging Pockets"
16,41,126,Smashan Kalitala Road near Kali Mandir,27,"KMC 'Action Plan to Mitigate Flood, Cyclone & Water Logging 2017', Section C Major Water Logging Pockets"
16,42,126,Narayan Roy Road near Marriage Hall,27,"KMC 'Action Plan to Mitigate Flood, Cyclone & Water Logging 2017', Section C Major Water Logging Pockets"
16,43,126,K. K. Roychoudhury Road near Chandi Mandir,27,"KMC 'Action Plan to Mitigate Flood, Cyclone & Water Logging 2017', Section C Major Water Logging Pockets"
16,44,126,Brajamani Debya Road near Basudebpur Club,27,"KMC 'Action Plan to Mitigate Flood, Cyclone & Water Logging 2017', Section C Major Water Logging Pockets"
16,45,126,Dakshin Behala Road near 7 Star Club,27,"KMC 'Action Plan to Mitigate Flood, Cyclone & Water Logging 2017', Section C Major Water Logging Pockets"
16,46,126,Bakultala Road near Dutter Math,27,"KMC 'Action Plan to Mitigate Flood, Cyclone & Water Logging 2017', Section C Major Water Logging Pockets"
16,47,126,Dakshin Behala Road near Akhtar Builders,27,"KMC 'Action Plan to Mitigate Flood, Cyclone & Water Logging 2017', Section C Major Water Logging Pockets"
16,48,126,Jadab Ghosh Road near Tara Builders,27,"KMC 'Action Plan to Mitigate Flood, Cyclone & Water Logging 2017', Section C Major Water Logging Pockets"
16,49,126,Subhas Pally near Sarkar Hat Lane,27,"KMC 'Action Plan to Mitigate Flood, Cyclone & Water Logging 2017', Section C Major Water Logging Pockets"
16,50,126,Ananda Nagar C-Block,27,"KMC 'Action Plan to Mitigate Flood, Cyclone & Water Logging 2017', Section C Major Water Logging Pockets"
16,51,126,Basundhara Park near Wood Furniture,27,"KMC 'Action Plan to Mitigate Flood, Cyclone & Water Logging 2017', Section C Major Water Logging Pockets"
16,52,126,Kshudiram Pally near Club,27,"KMC 'Action Plan to Mitigate Flood, Cyclone & Water Logging 2017', Section C Major Water Logging Pockets"
16,53,126,Talpukur Road near Lokenath Bhawan,27,"KMC 'Action Plan to Mitigate Flood, Cyclone & Water Logging 2017', Section C Major Water Logging Pockets"
16,54,126,Shib Mandir near Silpara,27,"KMC 'Action Plan to Mitigate Flood, Cyclone & Water Logging 2017', Section C Major Water Logging Pockets"
16,55,126,Mahamaya Math,27,"KMC 'Action Plan to Mitigate Flood, Cyclone & Water Logging 2017', Section C Major Water Logging Pockets"
16,56,126,Talpukur Road,27,"KMC 'Action Plan to Mitigate Flood, Cyclone & Water Logging 2017', Section C Major Water Logging Pockets"
16,57,142,Udayachal,27,"KMC 'Action Plan to Mitigate Flood, Cyclone & Water Logging 2017', Section C Major Water Logging Pockets"
16,58,142,Bagan Para,27,"KMC 'Action Plan to Mitigate Flood, Cyclone & Water Logging 2017', Section C Major Water Logging Pockets"
16,59,142,Purbayan Abasan,27,"KMC 'Action Plan to Mitigate Flood, Cyclone & Water Logging 2017', Section C Major Water Logging Pockets"
16,60,142,Brick Field Road,27,"KMC 'Action Plan to Mitigate Flood, Cyclone & Water Logging 2017', Section C Major Water Logging Pockets"
16,61,142,Ashabari,27,"KMC 'Action Plan to Mitigate Flood, Cyclone & Water Logging 2017', Section C Major Water Logging Pockets"
16,62,142,Rong Para (Ramchandrapur),27,"KMC 'Action Plan to Mitigate Flood, Cyclone & Water Logging 2017', Section C Major Water Logging Pockets"
16,63,143,Prantik Phase I,27,"KMC 'Action Plan to Mitigate Flood, Cyclone & Water Logging 2017', Section C Major Water Logging Pockets"
16,64,143,Prantik Phase II,27,"KMC 'Action Plan to Mitigate Flood, Cyclone & Water Logging 2017', Section C Major Water Logging Pockets"
16,65,143,Prantik Phase III,27,"KMC 'Action Plan to Mitigate Flood, Cyclone & Water Logging 2017', Section C Major Water Logging Pockets"
16,66,143,Dhalipara near STP,27,"KMC 'Action Plan to Mitigate Flood, Cyclone & Water Logging 2017', Section C Major Water Logging Pockets"
16,67,143,Swapnakunja Abasan (Haridevpur),27,"KMC 'Action Plan to Mitigate Flood, Cyclone & Water Logging 2017', Section C Major Water Logging Pockets"
16,68,143,Dhali Para near Masjid,27,"KMC 'Action Plan to Mitigate Flood, Cyclone & Water Logging 2017', Section C Major Water Logging Pockets"
16,69,143,Aurobinda Nagar,27,"KMC 'Action Plan to Mitigate Flood, Cyclone & Water Logging 2017', Section C Major Water Logging Pockets"
16,70,143,Nazrul Sarani,27,"KMC 'Action Plan to Mitigate Flood, Cyclone & Water Logging 2017', Section C Major Water Logging Pockets"
16,71,143,Mission Para,27,"KMC 'Action Plan to Mitigate Flood, Cyclone & Water Logging 2017', Section C Major Water Logging Pockets"
16,72,143,22 Bigha,27,"KMC 'Action Plan to Mitigate Flood, Cyclone & Water Logging 2017', Section C Major Water Logging Pockets"
16,73,143,Balaka,27,"KMC 'Action Plan to Mitigate Flood, Cyclone & Water Logging 2017', Section C Major Water Logging Pockets"
16,74,144,Diamond Park,27,"KMC 'Action Plan to Mitigate Flood, Cyclone & Water Logging 2017', Section C Major Water Logging Pockets"
16,75,144,Green Park,27,"KMC 'Action Plan to Mitigate Flood, Cyclone & Water Logging 2017', Section C Major Water Logging Pockets"
16,76,144,Vivek Villa,27,"KMC 'Action Plan to Mitigate Flood, Cyclone & Water Logging 2017', Section C Major Water Logging Pockets"
16,77,144,Swamiji Abasan,27,"KMC 'Action Plan to Mitigate Flood, Cyclone & Water Logging 2017', Section C Major Water Logging Pockets"
16,78,144,Barui Para,28,"KMC 'Action Plan to Mitigate Flood, Cyclone & Water Logging 2017', Section C Major Water Logging Pockets"
16,79,144,Hanspukur,28,"KMC 'Action Plan to Mitigate Flood, Cyclone & Water Logging 2017', Section C Major Water Logging Pockets"
